__v,_id,book,createdAt,title
0,60f5911c8150b821bcc10df8,60ed83019a79c10520af2ffa,2021-07-19T14:50:04.834Z,Capitulo 2
0,60f5914e8150b821bcc10dfc,60ed83019a79c10520af2ffa,2021-07-19T14:50:54.828Z,Capitulo 1
0,60f591518150b821bcc10e00,60ed83019a79c10520af2ffa,2021-07-19T14:50:57.562Z,Capitulo 2
0,60f591538150b821bcc10e04,60ed83019a79c10520af2ffa,2021-07-19T14:50:59.750Z,Capitulo 3
0,60f591558150b821bcc10e08,60ed83019a79c10520af2ffa,2021-07-19T14:51:01.707Z,Capitulo 4
0,60f591578150b821bcc10e0c,60ed83019a79c10520af2ffa,2021-07-19T14:51:03.263Z,Capitulo 5
0,60f591608150b821bcc10e10,60ed830f9a79c10520af3000,2021-07-19T14:51:12.173Z,Capitulo 1
0,60f591628150b821bcc10e14,60ed830f9a79c10520af3000,2021-07-19T14:51:14.510Z,Capitulo 2
0,60f591648150b821bcc10e18,60ed830f9a79c10520af3000,2021-07-19T14:51:16.770Z,Capitulo 3
0,60f591688150b821bcc10e1c,60ed830f9a79c10520af3000,2021-07-19T14:51:20.713Z,Capitulo 4